{
  "IcoMoonType": "selection",
  "icons": [
    {
      "icon": {
        "paths": [
          "M472.96 900.032h-472.96l472.96-571.072v571.072zM1024 900.032h-472.96c0-130.752 105.728-236.544 236.48-236.544 130.688 0 236.48 105.92 236.48 236.544zM551.040 695.040v-571.136h472.96l-472.96 571.136zM472.96 123.904c0 130.56-105.856 236.544-236.48 236.544-130.56 0-236.48-105.856-236.48-236.48h472.96z"
        ],
        "attrs": [],
        "isMulticolor": false,
        "isMulticolor2": false,
        "tags": [
          "brand",
          "zendesk"
        ],
        "grid": 0
      },
      "attrs": [],
      "properties": {
        "id": 299,
        "order": 2,
        "prevSize": 32,
        "code": 59648,
        "name": "brand"
      },
      "setIdx": 0,
      "setId": 2,
      "iconIdx": 298
    }
  ],
  "height": 1024,
  "metadata": {
    "name": "icomoon"
  },
  "preferences": {
    "showGlyphs": true,
    "showQuickUse": true,
    "showQuickUse2": true,
    "showSVGs": true,
    "fontPref": {
      "prefix": "icon-",
      "metadata": {
        "fontFamily": "icomoon"
      },
      "metrics": {
        "emSize": 1024,
        "baseline": 6.25,
        "whitespace": 50
      },
      "embed": false
    },
    "imagePref": {
      "prefix": "icon-",
      "png": true,
      "useClassSelector": true,
      "color": 0,
      "bgColor": 16777215,
      "classSelector": ".icon"
    },
    "historySize": 50,
    "showCodes": true,
    "gridSize": 16
  }
}